variant	rsid	trait	cohorts	gene_most_severe	most_severe	consequence	max_pip	clinvar	max_pip_coloc	tissue_max_pip_coloc	af.BBJ	af.FG	af.UKBB	beta_marginal.BBJ	beta_marginal.FG	beta_marginal.UKBB	se_marginal.BBJ	se_marginal.FG	se_marginal.UKBB	pvalue.BBJ	pvalue.FG	pvalue.UKBB	pip.BBJ	pip.FG	pip.UKBB	susie.beta_posterior.BBJ	susie.beta_posterior.FG	susie.beta_posterior.UKBB	susie.sd_posterior.BBJ	susie.sd_posterior.FG	susie.sd_posterior.UKBB
1:55505647:G:T	rs11591147	CAD	FG, UKBB	PCSK9	Missense	Missense	0.99991	Non-pathogenic	NA	NA	NA	0.0362	0.017671	NA	-0.25369	-0.23675	NA	0.03214	0.036367	NA	2.93e-15	7.5141e-11	NA	0.9933	0.99991	NA	-0.25566	-0.23792	NA	0.039092	0.036394
1:62579891:G:T	rs12140153	BMI	FG, UKBB	INADL	Missense	Missense	1	NA	NA	NA	NA	0.07895	0.095991	NA	-0.043156	-0.034738	NA	0.0059225	0.0037546	NA	3.2e-13	2.2e-20	NA	1	1	NA	-0.042052	-0.037307	NA	0.0058666	0.0037358
1:62579891:G:T	rs12140153	BW	FG, UKBB	INADL	Missense	Missense	1	NA	NA	NA	NA	0.078891	0.095983	NA	-0.043658	-0.031815	NA	0.0053945	0.0032839	NA	5.8e-16	3.4e-22	NA	1	1	NA	-0.042921	-0.034818	NA	0.0053532	0.0032691
1:114377568:A:G	rs2476601	AID	FG, UKBB	PTPN22	Missense	Missense	0.99977	NA	NA	NA	NA	0.851	0.89723	NA	-0.32359	-0.22871	NA	0.0115	0.011668	NA	3.33e-174	1.4842e-85	NA	0.99977	0.79286	NA	-0.33202	-0.18093	NA	0.013043	0.092977
1:114377568:A:G	rs2476601	Hypothyroidism	FG, UKBB	PTPN22	Missense	Missense	0.99978	NA	NA	NA	NA	0.854	0.89757	NA	-0.34469	-0.41222	NA	0.01508	0.022573	NA	1.35e-115	1.664e-74	NA	0.99978	0.6976	NA	-0.35976	-0.28629	NA	0.016465	0.19015
1:149906413:T:C	rs11205303	Height	BBJ, FG, UKBB	MTMR11	Missense	Missense	1	NA	NA	NA	0.20908	0.32661	0.40827	0.029409	0.037716	0.032932	0.0024575	0.0023482	0.0013012	5.3e-33	4.7e-58	2.5e-141	0.29997	1	1	0.009984	0.037655	0.032439	0.014662	0.0023419	0.0013003
1:152285861:G:A	rs61816761	AD	FG, UKBB	FLG	Stop gained	Missense	0.99993	Pathogenic	NA	NA	NA	0.0028	0.023355	NA	1.4161	0.73759	NA	0.17854	0.12324	NA	2.16e-15	2.1627e-09	NA	0.99993	0.98368	NA	1.4144	0.75165	NA	0.17784	0.14586
1:155178782:A:T	rs760077	UA	BBJ, UKBB	MTX1	Missense	Missense	0.95842	NA	0.93174	Whole_Blood	0.85084	NA	0.60368	-0.047371	NA	-0.034725	0.004927	NA	0.0019214	6.9e-22	NA	5.2e-73	0.16561	NA	0.95842	-0.0071795	NA	-0.024823	0.016822	NA	0.0063241
1:171605478:G:A	rs74315329	Glaucoma	FG, UKBB	MYOC	Stop gained	pLoF	1	Pathogenic	NA	NA	NA	0.00283	0.0013124	NA	2.1956	3.0259	NA	0.22547	0.31097	NA	2.08e-22	2.2365e-22	NA	0.28295	1	NA	0.61373	3.0222	NA	0.98523	0.31079
1:220970028:A:G	rs2642438	ALP	BBJ, UKBB	MARC1	Missense	Missense	0.97862	NA	NA	NA	0.81862	NA	0.70252	0.029383	NA	0.026765	0.0050386	NA	0.0022565	5.5e-09	NA	1.9e-32	0.92675	NA	0.97862	0.025833	NA	0.029526	0.0085805	NA	0.0048916
1:247719769:G:A	rs56043070	Plt	BBJ, UKBB	GCSAML	Splice donor	pLoF	0.99967	NA	NA	NA	0.059268	NA	0.071516	-0.053564	NA	-0.1257	0.0069809	NA	0.0039507	1.7e-14	NA	3.7e-222	0.99967	NA	0.95067	-0.051633	NA	-0.10133	0.0069879	NA	0.025029
1:248039451:C:T	rs3811444	MCHC	BBJ, UKBB	TRIM58	Missense	Missense	1	NA	NA	NA	0.18522	NA	0.33415	0.069688	NA	0.031053	0.0046455	NA	0.0024706	7.2e-51	NA	3.1e-36	0.99876	NA	1	0.073812	NA	0.031013	0.0048371	NA	0.0024629
1:248039451:C:T	rs3811444	MCV	BBJ, UKBB	TRIM58	Missense	Missense	1	NA	NA	NA	0.18509	NA	0.33415	-0.061546	NA	-0.052727	0.0046154	NA	0.0022518	1.4e-40	NA	3e-121	0.98287	NA	1	-0.064312	NA	-0.053968	0.0094739	NA	0.0022495
2:20205541:C:T	rs52826764	Height	FG, UKBB	MATN3	Missense	Missense	0.99524	Non-pathogenic	NA	NA	NA	0.018847	0.029656	NA	-0.061583	-0.052568	NA	0.0080254	0.0037674	NA	1.7e-14	3e-44	NA	0.26209	0.99524	NA	-0.015551	-0.051782	NA	0.025914	0.0060058
2:27730940:T:C	rs1260326	Alb	BBJ, UKBB	GCKR	Missense	Missense	1	NA	NA	NA	0.44201	NA	0.60695	-0.055668	NA	-0.0591	0.0037911	NA	0.0024243	8.2e-49	NA	2.9e-131	0.97143	NA	1	-0.056796	NA	-0.06229	0.010387	NA	0.0024222
2:27730940:T:C	rs1260326	Ca	BBJ, UKBB	GCKR	Missense	Missense	0.99999	NA	NA	NA	0.44109	NA	0.60698	-0.037487	NA	-0.049019	0.0047545	NA	0.0024486	3.2e-15	NA	3.7e-89	0.88914	NA	0.99999	-0.032993	NA	-0.049543	0.012586	NA	0.0024521
2:27730940:T:C	rs1260326	Cholelithiasis	BBJ, FG, UKBB	GCKR	Missense	Missense	0.90419	NA	NA	NA	0.44174	0.649	0.6068	0.080721	0.06831	0.081954	0.015624	0.0116	0.013455	2.3865e-07	3.86e-09	1.1226e-09	0.014207	0.60374	0.90419	0.0012016	0.039801	0.07543	0.0099313	0.033866	0.025414
2:27730940:T:C	rs1260326	GGT	BBJ, UKBB	GCKR	Missense	Missense	1	NA	NA	NA	0.44348	NA	0.60691	-0.05561	NA	-0.054228	0.0034907	NA	0.002113	3.9e-57	NA	3e-145	0.86627	NA	1	-0.050635	NA	-0.053548	0.02033	NA	0.0021112
2:27730940:T:C	rs1260326	Neutro	BBJ, UKBB	GCKR	Missense	Missense	0.99994	NA	NA	NA	0.43961	NA	0.60694	-0.026202	NA	-0.033682	0.0046805	NA	0.0023056	2.2e-08	NA	2.5e-48	0.49087	NA	0.99994	-0.012305	NA	-0.035597	0.013186	NA	0.0023172
2:27730940:T:C	rs1260326	TG	BBJ, UKBB	GCKR	Missense	Missense	1	NA	NA	NA	0.44259	NA	0.60687	-0.086399	NA	-0.10092	0.0040311	NA	0.0022138	6.6e-102	NA	0	1	NA	1	-0.091418	NA	-0.10032	0.0040258	NA	0.0022128
2:27730940:T:C	rs1260326	TP	BBJ, UKBB	GCKR	Missense	Missense	0.99989	NA	NA	NA	0.44179	NA	0.60692	-0.039383	NA	-0.042953	0.0037785	NA	0.0024469	1.9e-25	NA	5.5e-69	0.88079	NA	0.99989	-0.034179	NA	-0.04309	0.013333	NA	0.0025236
2:27730940:T:C	rs1260326	UA	BBJ, UKBB	GCKR	Missense	Missense	0.99997	NA	NA	NA	0.44183	NA	0.60688	-0.031489	NA	-0.047627	0.0035244	NA	0.0019226	4.1e-19	NA	1.8e-135	0.99701	NA	0.99997	-0.031617	NA	-0.048134	0.0038166	NA	0.001958
2:27730940:T:C	rs1260326	WBC	BBJ, UKBB	GCKR	Missense	Missense	0.99913	NA	NA	NA	0.44233	NA	0.60696	-0.024108	NA	-0.031372	0.0034173	NA	0.0022818	1.7e-12	NA	5.2e-43	0.14416	NA	0.99913	-0.003361	NA	-0.031589	0.0083582	NA	0.0026273
2:169764491:T:C	rs2232326	Glucose	BBJ, UKBB	G6PC2	Missense	Missense	1	NA	NA	NA	0.022274	NA	0.001712	-0.10004	NA	-0.27083	0.011587	NA	0.029372	5.9e-18	NA	2.9e-20	0.56954	NA	1	-0.048273	NA	-0.27858	0.043216	NA	0.029005
2:211540507:C:A	rs1047891	eGFR	BBJ, UKBB	CPS1	Missense	Missense	1	Non-pathogenic	NA	NA	0.15132	NA	0.31569	-0.021104	NA	-0.045166	0.0031829	NA	0.0020907	3.3e-11	NA	1.7e-103	0.18408	NA	1	-0.0036246	NA	-0.043099	0.0079097	NA	0.0020889
2:211540507:C:A	rs1047891	sCr	BBJ, UKBB	CPS1	Missense	Missense	1	Non-pathogenic	NA	NA	0.1512	NA	0.31569	0.030048	NA	0.040972	0.0041181	NA	0.0019545	3e-13	NA	1.4e-97	0.74447	NA	1	0.020965	NA	0.039134	0.013446	NA	0.0019549
4:25408838:G:A	rs34811474	BMI	FG, UKBB	ANAPC4	Missense	Missense	0.99652	NA	NA	NA	NA	0.22955	0.23204	NA	-0.026125	-0.029706	NA	0.0037888	0.0025637	NA	5.4e-12	4.8e-31	NA	0.99652	0.98495	NA	-0.025154	-0.028904	NA	0.004012	0.0044905
4:40428010:T:C	rs278981	Mono	BBJ, UKBB	RBM47	Missense	Missense	0.997	NA	0.997	Testis	0.57234	NA	0.75739	0.024892	NA	0.015958	0.0044232	NA	0.0024757	1.8e-08	NA	1.1e-10	0.99069	NA	0.997	0.02388	NA	0.014845	0.0049893	NA	0.0025097
4:100239319:T:C	rs1229984	BMI	BBJ, FG, UKBB	ADH1B	Missense	Missense	0.98439	NA	NA	NA	0.24365	0.99462	0.97769	0.025381	0.041906	0.042114	0.0038775	0.021978	0.0073324	5.9e-11	0.057	9.3e-09	0.25798	NA	0.98439	0.0063751	NA	0.0425	0.01078	NA	0.0078528
4:145659064:T:C	rs11727676	Height	FG, UKBB	HHIP	Synonymous	Synonymous	0.99909	NA	NA	NA	NA	0.085945	0.096125	NA	0.028965	0.024922	NA	0.0039182	0.002195	NA	1.4e-13	7.1e-30	NA	0.99909	0.99829	NA	0.039403	0.040902	NA	0.0042373	0.0032383
5:75003678:T:C	rs2307111	BMI	BBJ, FG, UKBB	POC5	Missense	Missense	0.95765	NA	NA	NA	0.56143	0.42641	0.3929	-0.023248	-0.018748	-0.027956	0.0031954	0.0032147	0.0022182	3.5e-13	5.5e-09	2e-36	0.12194	0.0058602	0.95765	-0.0028255	-0.00010242	-0.025829	0.007597	0.0013645	0.0063867
5:172755066:C:A	rs148833559	Height	FG, UKBB	STC2	Missense	Missense	1	NA	NA	NA	NA	0.000508	0.001459	NA	0.35185	0.22115	NA	0.049868	0.016881	NA	1.7e-12	3.3e-39	NA	0.99997	1	NA	0.33347	0.22285	NA	0.049342	0.016797
5:176516631:G:A	rs1966265	Height	BBJ, FG, UKBB	FGFR4	Missense	Missense	0.94265	NA	0.22178	monocyte_IFN24	0.54869	0.2185	0.2479	0.012465	0.031132	0.033519	0.0020141	0.0026517	0.0014946	6.1e-10	7.9e-32	2.2e-111	0.4883	0.00038567	0.94265	0.0095212	9.4799e-06	0.025888	0.0099527	0.00043932	0.0068845
6:7231843:G:A	rs9379084	Height	BBJ, FG, UKBB	RREB1	Missense	Missense	1	NA	NA	NA	0.27279	0.11347	0.11536	-0.025358	-0.026898	-0.030081	0.0023691	0.0034903	0.0020685	9.8e-27	1.3e-14	6.5e-48	0.9998	1	1	-0.025016	-0.029185	-0.029938	0.0023898	0.0034629	0.0020606
6:7231843:G:A	rs9379084	T2D	BBJ, FG, UKBB	RREB1	Missense	Missense	0.99623	NA	NA	NA	0.27285	0.114	0.11542	-0.070027	-0.08939	-0.12805	0.010877	0.01592	0.019158	1.2096e-10	1.95e-08	2.328e-11	0.99623	0.0056521	0.89865	-0.06811	-0.00035881	-0.11363	0.011641	0.0038383	0.043875
7:27204732:C:A	rs35355140	LOY	BBJ, UKBB	HOXA9	Synonymous	Synonymous	0.979	NA	NA	NA	0.14375	NA	0.06895	-0.04505	NA	-0.023177	0.0061511	NA	0.0023249	2.4e-13	NA	2.1e-23	0.979	NA	0.82704	-0.043007	NA	-0.018271	0.0089161	NA	0.0088721
7:29132279:A:G	rs117744081	SkC	FG, UKBB	CPVL	Missense	Missense	0.98707	NA	NA	NA	NA	0.0339	0.032318	NA	-0.21919	-0.21098	NA	0.03948	0.038439	NA	2.83e-08	4.0499e-08	NA	0.98095	0.98707	NA	-0.20608	-0.2079	NA	0.04962	0.044835
8:118184783:C:T	rs13266634	HbA1c	BBJ, UKBB	SLC30A8	Missense	Missense	0.97938	NA	NA	NA	0.3986	NA	0.31086	-0.04245	NA	-0.056632	0.0042894	NA	0.0023636	4.3e-23	NA	7.3e-127	0.97938	NA	0.54813	-0.041004	NA	-0.030683	0.0074489	NA	0.027989
8:118184783:C:T	rs13266634	T2D	BBJ, FG, UKBB	SLC30A8	Missense	Missense	1	NA	NA	NA	0.40355	0.376	0.31079	-0.12403	-0.08685	-0.1136	0.0093182	0.01023	0.012808	2.0174e-40	2.13e-17	7.3646e-19	1	0.20974	0.37062	-0.11666	-0.017735	-0.042007	0.0092898	0.03503	0.055275
9:140100317:C:G	rs113809617	MCH	BBJ, UKBB	NDOR1	Missense	Missense	1	NA	0.99826	Muscle_Skeletal	0.14742	NA	0.13141	0.032789	NA	0.043667	0.0058852	NA	0.0031851	2.5e-08	NA	8.9e-43	0.2085	NA	1	0.0062769	NA	0.043595	0.012812	NA	0.0031764
9:140100317:C:G	rs113809617	MCV	BBJ, UKBB	NDOR1	Missense	Missense	1	NA	0.99826	Muscle_Skeletal	0.14721	NA	0.13141	0.032866	NA	0.040499	0.0058272	NA	0.003186	1.7e-08	NA	5.1e-37	0.32756	NA	1	0.010075	NA	0.040619	0.015228	NA	0.003176
10:73520632:A:C	rs3747869	WBC	BBJ, UKBB	C10orf54	Missense	Missense	0.99967	Non-pathogenic	NA	NA	0.84494	NA	0.89997	0.037218	NA	0.03185	0.0046852	NA	0.0037285	2e-15	NA	1.3e-17	0.99967	NA	0.96256	0.036672	NA	0.026486	0.0046999	NA	0.006644
10:115485285:T:C	rs141266925	Cataract	FG, UKBB	CASP7	Missense	Missense	0.99781	NA	NA	NA	NA	0.0148	0.0030874	NA	0.2626	0.62333	NA	0.04433	0.10667	NA	3.14e-09	5.1122e-09	NA	0.91059	0.99781	NA	0.22769	0.61966	NA	0.084066	0.11172
11:9537904:G:C	rs10743108	Height	BBJ, FG, UKBB	ZNF143	Missense	Missense	0.97611	NA	NA	NA	0.70721	0.9555	0.97919	0.019223	0.03388	0.023797	0.0023795	0.0053527	0.0045614	6.6e-16	2.5e-10	1.8e-07	0.10269	0.97611	0	0.0020375	0.030139	1.4198e-20	0.0059578	0.0070299	1.8494e-11
11:89017961:G:A	rs1126809	SkC	FG, UKBB	TYR	Missense	Missense	0.99904	Pathogenic	NA	NA	NA	0.178	0.30664	NA	0.18041	0.16591	NA	0.01852	0.014656	NA	1.96e-22	1.0411e-29	NA	0.52738	0.99904	NA	0.094675	0.16544	NA	0.090866	0.015445
12:12871099:T:G	rs2066827	Height	BBJ, FG, UKBB	CDKN1B	Missense	Missense	1	Non-pathogenic	NA	NA	0.025897	0.24285	0.23215	-0.026118	-0.013055	-0.015028	0.0064896	0.0026469	0.0015287	5.7e-05	8.1e-07	8.3e-23	0.0040996	0.11935	1	-0.00015606	-0.0012697	-0.017023	0.0018059	0.0033516	0.0015198
12:21331549:T:C	rs4149056	TBil	BBJ, UKBB	SLCO1B1	Missense	Missense	1	Non-pathogenic	NA	NA	0.14784	NA	0.15084	0.081428	NA	0.16958	0.0053038	NA	0.0027314	3.4e-53	NA	0	1	NA	1	0.085574	NA	0.15075	0.005268	NA	0.0027035
12:52913668:C:T	rs11170164	SkC	FG, UKBB	KRT5	Missense	Missense	0.99879	Non-pathogenic	NA	NA	NA	0.0978	0.078168	NA	0.21179	0.16807	NA	0.02383	0.025144	NA	6.27e-19	2.3226e-11	NA	0.99879	0.87606	NA	0.19578	0.12141	NA	0.025214	0.048001
12:57146069:T:G	rs2277339	Age_at_Menopause	BBJ, UKBB	PRIM1	Missense	Missense	1	NA	1	brain	0.20463	NA	0.10531	-0.076462	NA	-0.077326	0.007303	NA	0.0065851	1.2e-25	NA	7.7e-32	0.99999	NA	1	-0.075765	NA	-0.076983	0.0072695	NA	0.0065613
12:57146069:T:G	rs2277339	Height	BBJ, FG, UKBB	PRIM1	Missense	Missense	1	NA	1	brain	0.20445	0.12783	0.10347	-0.020826	-0.015228	-0.016897	0.0024772	0.003293	0.0021246	4.2e-17	3.8e-06	1.8e-15	1	0.011188	0.99999	-0.019979	-0.0002546	-0.018553	0.0024511	0.0017553	0.0021102
12:121416650:A:C	rs1169288	UA	BBJ, UKBB	HNF1A	Missense	Missense	0.99978	Non-pathogenic	NA	NA	0.4946	NA	0.31277	-0.023652	NA	-0.018674	0.0034839	NA	0.0020481	1.1e-11	NA	7.7e-20	0.99978	NA	0.74637	-0.023107	NA	-0.014518	0.0034768	NA	0.0088676
14:94844947:C:T	rs28929474	Cholelithiasis	FG, UKBB	SERPINA1	Missense	Missense	0.98246	Pathogenic	NA	NA	NA	0.0198	0.020264	NA	0.33162	0.26177	NA	0.03973	0.047383	NA	7.07e-17	3.3044e-08	NA	0.98246	0.1521	NA	0.32199	0.040672	NA	0.058027	0.096535
14:94844947:C:T	rs28929474	Height	FG, UKBB	SERPINA1	Missense	Missense	0.99959	Pathogenic	NA	NA	NA	0.019865	0.020296	NA	0.08299	0.095982	NA	0.007874	0.0046481	NA	5.7e-26	9.8e-95	NA	0.99959	0.99949	NA	0.081111	0.095986	NA	0.0080442	0.0051217
14:103576444:C:G	rs744153	GGT	BBJ, UKBB	EXOC3L4	Missense	Missense	0.98062	NA	0.49094	Adipose_Visceral_Omentum	0.63656	NA	0.218	-0.0021396	NA	0.074271	0.0039088	NA	0.0026498	0.58	NA	7.2e-173	0.4982	NA	0.98062	0.04699	NA	0.089556	0.047287	NA	0.017356
15:67457698:A:G	rs35874463	Height	FG, UKBB	SMAD3	Missense	Missense	1	Non-pathogenic	NA	NA	NA	0.039796	0.058019	NA	0.0583	0.0564	NA	0.0056509	0.0027772	NA	5.9e-25	1.1e-91	NA	1	1	NA	0.058887	NA	NA	0.0056182	NA
15:74336633:T:C	rs5742915	Height	BBJ, FG, UKBB	PML	Missense	Missense	1	NA	NA	NA	0.003506	0.40772	0.46183	-0.015138	0.025106	0.022458	0.017125	0.0022314	0.0013047	0.38	2.3e-29	2.1e-66	9.3484e-06	1	1	1.0104e-07	0.026854	NA	7.378e-05	0.0022211	NA
15:100692953:G:A	rs72755233	Height	FG, UKBB	ADAMTS17	Missense	Missense	1	Non-pathogenic	NA	NA	NA	0.11714	0.11313	NA	-0.064147	-0.060619	NA	0.0034642	0.0020516	NA	1.5e-76	7e-192	NA	1	1	NA	-0.07102	-0.063863	NA	0.0034542	0.002046
15:101718239:C:G	rs62621400	Height	FG, UKBB	CHSY1	Missense	Missense	1	NA	NA	NA	NA	0.05974	0.056646	NA	-0.039765	-0.044152	NA	0.004635	0.0028176	NA	9.5e-18	2.4e-55	NA	0.99736	1	NA	-0.034854	-0.04403	NA	0.0050486	0.0028033
16:50763778:G:GC	rs2066847	CD	FG, UKBB	NOD2	Frameshift	pLoF	0.99999	Pathogenic	NA	NA	NA	0.0151	0.019285	NA	1.6677	1.2592	NA	0.21358	0.15827	NA	5.81e-15	1.7753e-15	NA	0.9972	0.99999	NA	1.6488	1.3025	NA	0.21481	0.15823
16:89985844:G:T	rs1805005	SkC	FG, UKBB	MC1R	Missense	Missense	0.99997	Non-pathogenic	0.70355	Nerve_Tibial	NA	0.0565	0.12305	NA	0.09904	0.084001	NA	0.03131	0.020458	NA	0.00156	4.0267e-05	NA	0.99997	0.9957	NA	0.22446	0.20947	NA	0.031032	0.028178
16:89986117:C:T	rs1805007	SkC	FG, UKBB	MC1R	Missense	Missense	0.99977	Pathogenic	0.14388	Cells_Cultured_fibroblasts	NA	0.0668	0.10456	NA	0.41764	0.34415	NA	0.02888	0.022613	NA	2.06e-47	2.6342e-52	NA	0.99977	0.99883	NA	0.38137	0.44749	NA	0.028784	0.031286
17:7080316:C:T	rs55714927	ALP	BBJ, UKBB	ASGR1	Synonymous	Synonymous	1	NA	NA	NA	0.28856	NA	0.19213	0.088427	NA	0.10916	0.0048616	NA	0.0026779	6.3e-74	NA	0	1	NA	1	0.095096	NA	0.12418	0.0048547	NA	0.0026487
17:7462969:A:G	rs3803800	AG	BBJ, UKBB	TNFSF12	Missense	Missense	1	NA	0.99963	Brain_Cortex	0.68397	NA	0.78851	0.076852	NA	0.0591	0.0040828	NA	0.0028862	4.9e-79	NA	3.5e-93	1	NA	1	0.10203	NA	0.094194	0.0040744	NA	0.0040651
17:7462969:A:G	rs3803800	NAP	BBJ, UKBB	TNFSF12	Missense	Missense	1	NA	0.99963	Brain_Cortex	0.68411	NA	0.78851	-0.083538	NA	-0.061436	0.0041805	NA	0.002902	7.8e-89	NA	1.8e-99	1	NA	1	-0.11309	NA	-0.088113	0.0041716	NA	0.0028943
17:7462969:A:G	rs3803800	TP	BBJ, UKBB	TNFSF12	Missense	Missense	1	NA	0.99963	Brain_Cortex	0.68416	NA	0.78851	-0.053259	NA	-0.043496	0.0040135	NA	0.0029346	3.5e-40	NA	1.1e-49	0.97783	NA	1	-0.030805	NA	-0.059116	0.0039787	NA	0.002928
17:16842991:G:A	rs34562254	AG	BBJ, UKBB	TNFRSF13B	Missense	Missense	1	Non-pathogenic	NA	NA	0.36609	NA	0.09777	-0.11676	NA	-0.15075	0.0039531	NA	0.0039659	9.6e-192	NA	3.70000001365079e-316	0.9999	NA	1	-0.11702	NA	-0.14568	0.0041727	NA	0.0039581
17:16842991:G:A	rs34562254	NAP	BBJ, UKBB	TNFRSF13B	Missense	Missense	1	Non-pathogenic	NA	NA	0.3658	NA	0.09777	0.1288	NA	0.158	0.0040482	NA	0.0039875	3.8e-222	NA	0	0.9979	NA	1	0.1274	NA	0.15285	0.0071126	NA	0.0039796
17:16842991:G:A	rs34562254	TP	BBJ, UKBB	TNFRSF13B	Missense	Missense	1	Non-pathogenic	NA	NA	0.36568	NA	0.09777	0.092109	NA	0.11457	0.0038865	NA	0.0040324	3.6e-124	NA	1.4e-177	0.56842	NA	1	0.049526	NA	0.10984	0.042219	NA	0.0040272
17:46805705:C:T	rs138213197	PrC	FG, UKBB	HOXB13	Missense	Missense	0.99942	Pathogenic	NA	NA	NA	0.0082	0.001821	NA	2.0961	2.3548	NA	0.10331	0.26886	NA	1.57e-91	1.9812e-18	NA	0.99942	0.86502	NA	2.0322	2.0389	NA	0.11197	0.82513
19:8670147:C:T	rs62621197	Height	FG, UKBB	ADAMTS10	Missense	Missense	1	Non-pathogenic	NA	NA	NA	0.020784	0.036142	NA	-0.11176	-0.1033	NA	0.0078264	0.0036386	NA	2.9e-46	2.7e-177	NA	1	1	NA	-0.1137	-0.10113	NA	0.0077997	0.0036273
19:10463118:G:C	rs34536443	AID	FG, UKBB	TYK2	Missense	Missense	1	Non-pathogenic	NA	NA	NA	0.0303	0.046022	NA	-0.20437	-0.18415	NA	0.02414	0.017336	NA	2.53e-17	2.3445e-26	NA	0.99984	1	NA	-0.21323	-0.18252	NA	0.024203	0.017261
19:11350488:C:T	rs2278426	TC	BBJ, UKBB	C19orf80	Missense	Missense	0.99395	NA	NA	NA	0.26477	NA	0.034164	-0.050071	NA	-0.068511	0.0040341	NA	0.0061081	2.2e-35	NA	3.4e-29	0.99395	NA	0.1118	-0.048847	NA	-0.0067177	0.0056402	NA	0.019042
19:11526765:G:T	rs167479	DBP	BBJ, UKBB	RGL3	Missense	Missense	1	NA	NA	NA	0.50252	NA	0.47009	-0.025518	NA	-0.024624	0.0035497	NA	0.0022518	6.5e-13	NA	7.8e-28	1	NA	1	-0.024899	NA	-0.026318	0.003515	NA	0.0022433
19:11526765:G:T	rs167479	MAP	BBJ, UKBB	RGL3	Missense	Missense	1	NA	NA	NA	0.50253	NA	0.47009	-0.029518	NA	-0.026453	0.0034858	NA	0.002212	2.5e-17	NA	5.8e-33	1	NA	1	-0.0288	NA	-0.029061	0.0034609	NA	0.0022053
19:11526765:G:T	rs167479	SBP	BBJ, UKBB	RGL3	Missense	Missense	1	NA	NA	NA	0.50252	NA	0.47009	-0.029178	NA	-0.024401	0.0033971	NA	0.0021273	8.8e-18	NA	1.9e-30	1	NA	1	-0.028261	NA	-0.026442	0.003373	NA	0.00212
19:19379549:C:T	rs58542926	TG	BBJ, UKBB	TM6SF2	Missense	Missense	0.99956	NA	0.10307	blood	0.07873	NA	0.075489	-0.058552	NA	-0.10561	0.0074385	NA	0.0041236	3.5e-15	NA	1.1e-144	0.997	NA	0.99956	-0.059539	NA	-0.11064	0.0082687	NA	0.0052293
19:45411941:T:C	rs429358	Alzheimer	FG, UKBB	APOE	Missense	Missense	1	Pathogenic	NA	NA	NA	0.182	0.15608	NA	1.3042	0.063186	NA	0.027636	0.00096961	NA	0	0	NA	0.99948	1	NA	1.2842	0.062212	NA	0.027629	0.00096941
19:45411941:T:C	rs429358	CRP	BBJ, UKBB	APOE	Missense	Missense	1	Pathogenic	NA	NA	0.10215	NA	0.15616	-0.12077	NA	-0.26219	0.0078506	NA	0.0030873	2.1e-53	NA	0	0.99999	NA	1	-0.12031	NA	-0.25905	0.0078339	NA	0.0030826
19:45411941:T:C	rs429358	HDLC	BBJ, UKBB	APOE	Missense	Missense	1	Pathogenic	NA	NA	0.10298	NA	0.1561	-0.089976	NA	-0.075473	0.0078699	NA	0.002848	2.9e-30	NA	9.6e-155	0.9452	NA	1	-0.08158	NA	NA	0.021323	NA	NA
19:45411941:T:C	rs429358	T2D	BBJ, FG, UKBB	APOE	Missense	Missense	0.93551	Pathogenic	NA	NA	0.10039	0.182	0.15611	-0.072649	-0.09483	-0.067291	0.015456	0.01307	0.016328	2.5973e-06	4.05e-13	3.7704e-05	0.16493	0.93551	NA	-0.011071	-0.089388	NA	0.026734	0.027775	NA
19:45411941:T:C	rs429358	TC	BBJ, UKBB	APOE	Missense	Missense	1	Pathogenic	NA	NA	0.1014	NA	0.15619	0.097738	NA	0.16043	0.0059885	NA	0.0030601	7e-60	NA	0	0.99991	NA	1	0.093247	NA	0.13246	0.0059565	NA	0.0030271
19:45412079:C:T	rs7412	Alzheimer	FG, UKBB	APOE	Missense	Missense	0.98434	Non-pathogenic	NA	NA	NA	0.0537	0.080434	NA	-0.46732	-0.02059	NA	0.04335	0.0012945	NA	4.26e-27	5.7e-57	NA	0.98434	0.35269	NA	-0.22863	-0.003582	NA	0.05863	0.0048732
19:45412079:C:T	rs7412	CAD	BBJ, FG, UKBB	APOE	Missense	Missense	0.99697	Non-pathogenic	NA	NA	0.041451	0.0537	0.080434	-0.15876	-0.20626	-0.13033	0.025025	0.02609	0.017585	2.2399e-10	2.63e-15	1.2527e-13	0.28147	0.99697	NA	-0.043908	-0.1938	-0.025078	0.071348	0.025894	0.051817
19:45412079:C:T	rs7412	MI	BBJ, FG, UKBB	APOE	Missense	Missense	0.99989	Non-pathogenic	NA	NA	0.041732	0.054	0.080807	-0.2062	-0.24601	-0.14491	0.034396	0.03257	0.027288	2.0372e-09	4.26e-14	1.0935e-07	0.46272	0.99989	NA	-0.094448	-0.24173	-1.5212e-05	0.10428	0.032371	0.0015094
19:45448465:T:G	rs5167	HDLC	BBJ, UKBB	APOC4	Missense	Missense	1	NA	0.94946	Lung	0.47284	NA	0.35065	0.035546	NA	0.040217	0.0047153	NA	0.0021622	4.8e-14	NA	3.2e-77	0.68473	NA	1	0.022816	NA	NA	0.015744	NA	NA
19:55879672:C:T	rs4252548	Height	FG, UKBB	IL11	Missense	Missense	1	NA	NA	NA	NA	0.025692	0.021454	NA	-0.077191	-0.063711	NA	0.0069658	0.0045185	NA	1.5e-28	3.8e-45	NA	1	1	NA	-0.07666	-0.065118	NA	0.0069369	0.004505
20:43042364:C:T	rs1800961	Cholelithiasis	BBJ, FG, UKBB	HNF4A	Missense	Missense	1	Non-pathogenic	NA	NA	0.010005	0.0453	0.031481	0.19577	0.37741	0.28512	0.077582	0.02708	0.038368	0.011624	3.83e-44	1.0752e-13	NA	1	1	NA	0.37569	0.28453	NA	0.02701	0.038328
22:37462936:A:G	rs855791	Hb	BBJ, UKBB	TMPRSS6	Missense	Missense	1	Non-pathogenic	NA	NA	0.43513	NA	0.56141	0.048143	NA	0.07432	0.0030906	NA	0.0018195	1e-54	NA	0	1	NA	1	0.047851	NA	0.069921	0.0030842	NA	0.0018176
22:37462936:A:G	rs855791	Ht	BBJ, UKBB	TMPRSS6	Missense	Missense	1	Non-pathogenic	NA	NA	0.43479	NA	0.56141	0.030754	NA	0.054489	0.003149	NA	0.0018811	1.6e-22	NA	1.7e-184	0.93325	NA	1	0.028342	NA	0.054363	0.008264	NA	0.0018792
22:37462936:A:G	rs855791	MCH	BBJ, UKBB	TMPRSS6	Missense	Missense	1	Non-pathogenic	NA	NA	0.43515	NA	0.56141	0.1164	NA	0.15113	0.0036559	NA	0.0021604	1.9e-222	NA	0	1	NA	1	0.11582	NA	0.13868	0.0036535	NA	0.0021568
22:37462936:A:G	rs855791	MCHC	BBJ, UKBB	TMPRSS6	Missense	Missense	1	Non-pathogenic	NA	NA	0.43526	NA	0.56141	0.078129	NA	0.064956	0.0036377	NA	0.002365	2.5e-102	NA	4.5e-166	1	NA	1	0.07788	NA	0.058223	0.0036336	NA	0.0023626
22:37462936:A:G	rs855791	MCV	BBJ, UKBB	TMPRSS6	Missense	Missense	1	Non-pathogenic	NA	NA	0.43519	NA	0.56141	0.087147	NA	0.13032	0.0036225	NA	0.0021643	7.1e-128	NA	0	1	NA	1	0.087174	NA	0.12472	0.0036184	NA	0.0021612
22:37462936:A:G	rs855791	TBil	BBJ, UKBB	TMPRSS6	Missense	Missense	1	Non-pathogenic	NA	NA	0.43507	NA	0.56165	0.021082	NA	0.029706	0.0038147	NA	0.0020087	3.3e-08	NA	1.7e-49	0.11482	NA	1	0.0022885	NA	0.028915	0.0065527	NA	0.0020038
X:38009121:G:A	rs35318931	Height	FG, UKBB	SRPX	Missense	Missense	0.98587	NA	0.10059	Esophagus_Muscularis	NA	0.062131	0.089233	NA	-0.020656	-0.022796	NA	0.0037787	0.001918	NA	4.6e-08	1.4e-32	NA	0.15353	0.98587	NA	-0.0033211	-0.022309	NA	0.007868	0.0032939
